src_path,dst_path
/content/drive/MyDrive/Parser 개발 업무/KT/PDF_parser/수능 기출 문제/2024/ocr/0076-2024-사회탐구영역-경제-문제/ocr/0076-2024-사회탐구영역-경제-문제_middle.json,/content/drive/MyDrive/Parser 개발 업무/KT/PDF_parser/수능 기출 문제/2024/ocr/middle/0076-2024-사회탐구영역-경제-문제_middle.json
/content/drive/MyDrive/Parser 개발 업무/KT/PDF_parser/수능 기출 문제/2024/ocr/0083-2024-직업탐구영역-공업일반-문제/ocr/0083-2024-직업탐구영역-공업일반-문제_middle.json,/content/drive/MyDrive/Parser 개발 업무/KT/PDF_parser/수능 기출 문제/2024/ocr/middle/0083-2024-직업탐구영역-공업일반-문제_middle.json
/content/drive/MyDrive/Parser 개발 업무/KT/PDF_parser/수능 기출 문제/2024/ocr/0172-2024-국어영역-국어영역-문제/ocr/0172-2024-국어영역-국어영역-문제_middle.json,/content/drive/MyDrive/Parser 개발 업무/KT/PDF_parser/수능 기출 문제/2024/ocr/middle/0172-2024-국어영역-국어영역-문제_middle.json
/content/drive/MyDrive/Parser 개발 업무/KT/PDF_parser/수능 기출 문제/2024/ocr/0214-2024-제2외국어-독일어-문제/ocr/0214-2024-제2외국어-독일어-문제_middle.json,/content/drive/MyDrive/Parser 개발 업무/KT/PDF_parser/수능 기출 문제/2024/ocr/middle/0214-2024-제2외국어-독일어-문제_middle.json
/content/drive/MyDrive/Parser 개발 업무/KT/PDF_parser/수능 기출 문제/2024/ocr/0221-2024-과학탐구영역-물리1-문제/ocr/0221-2024-과학탐구영역-물리1-문제_middle.json,/content/drive/MyDrive/Parser 개발 업무/KT/PDF_parser/수능 기출 문제/2024/ocr/middle/0221-2024-과학탐구영역-물리1-문제_middle.json
/content/drive/MyDrive/Parser 개발 업무/KT/PDF_parser/수능 기출 문제/2024/ocr/0257-2024-직업탐구영역-농업기초기술-문제/ocr/0257-2024-직업탐구영역-농업기초기술-문제_middle.json,/content/drive/MyDrive/Parser 개발 업무/KT/PDF_parser/수능 기출 문제/2024/ocr/middle/0257-2024-직업탐구영역-농업기초기술-문제_middle.json
/content/drive/MyDrive/Parser 개발 업무/KT/PDF_parser/수능 기출 문제/2024/ocr/0440-2024-제2외국어-러시아어-문제/ocr/0440-2024-제2외국어-러시아어-문제_middle.json,/content/drive/MyDrive/Parser 개발 업무/KT/PDF_parser/수능 기출 문제/2024/ocr/middle/0440-2024-제2외국어-러시아어-문제_middle.json
/content/drive/MyDrive/Parser 개발 업무/KT/PDF_parser/수능 기출 문제/2024/ocr/0449-2024-과학탐구영역-물리2-문제/ocr/0449-2024-과학탐구영역-물리2-문제_middle.json,/content/drive/MyDrive/Parser 개발 업무/KT/PDF_parser/수능 기출 문제/2024/ocr/middle/0449-2024-과학탐구영역-물리2-문제_middle.json
/content/drive/MyDrive/Parser 개발 업무/KT/PDF_parser/수능 기출 문제/2024/ocr/0464-2024-사회탐구영역-동아시아사-문제/ocr/0464-2024-사회탐구영역-동아시아사-문제_middle.json,/content/drive/MyDrive/Parser 개발 업무/KT/PDF_parser/수능 기출 문제/2024/ocr/middle/0464-2024-사회탐구영역-동아시아사-문제_middle.json
/content/drive/MyDrive/Parser 개발 업무/KT/PDF_parser/수능 기출 문제/2024/ocr/0479-2024-직업탐구영역-상업경제-문제/ocr/0479-2024-직업탐구영역-상업경제-문제_middle.json,/content/drive/MyDrive/Parser 개발 업무/KT/PDF_parser/수능 기출 문제/2024/ocr/middle/0479-2024-직업탐구영역-상업경제-문제_middle.json
/content/drive/MyDrive/Parser 개발 업무/KT/PDF_parser/수능 기출 문제/2024/ocr/0522-2024-제2외국어-베트남어Ⅰ-문제/ocr/0522-2024-제2외국어-베트남어Ⅰ-문제_middle.json,/content/drive/MyDrive/Parser 개발 업무/KT/PDF_parser/수능 기출 문제/2024/ocr/middle/0522-2024-제2외국어-베트남어Ⅰ-문제_middle.json
/content/drive/MyDrive/Parser 개발 업무/KT/PDF_parser/수능 기출 문제/2024/ocr/0573-2024-직업탐구영역-성공적인직업생활-문제/ocr/0573-2024-직업탐구영역-성공적인직업생활-문제_middle.json,/content/drive/MyDrive/Parser 개발 업무/KT/PDF_parser/수능 기출 문제/2024/ocr/middle/0573-2024-직업탐구영역-성공적인직업생활-문제_middle.json
/content/drive/MyDrive/Parser 개발 업무/KT/PDF_parser/수능 기출 문제/2024/ocr/0635-2024-과학탐구영역-생명과학1-문제/ocr/0635-2024-과학탐구영역-생명과학1-문제_middle.json,/content/drive/MyDrive/Parser 개발 업무/KT/PDF_parser/수능 기출 문제/2024/ocr/middle/0635-2024-과학탐구영역-생명과학1-문제_middle.json
/content/drive/MyDrive/Parser 개발 업무/KT/PDF_parser/수능 기출 문제/2024/ocr/0669-2024-사회탐구영역-사회문화-문제/ocr/0669-2024-사회탐구영역-사회문화-문제_middle.json,/content/drive/MyDrive/Parser 개발 업무/KT/PDF_parser/수능 기출 문제/2024/ocr/middle/0669-2024-사회탐구영역-사회문화-문제_middle.json
/content/drive/MyDrive/Parser 개발 업무/KT/PDF_parser/수능 기출 문제/2024/ocr/0687-2024-직업탐구영역-수산해운산업기초-문제/ocr/0687-2024-직업탐구영역-수산해운산업기초-문제_middle.json,/content/drive/MyDrive/Parser 개발 업무/KT/PDF_parser/수능 기출 문제/2024/ocr/middle/0687-2024-직업탐구영역-수산해운산업기초-문제_middle.json
/content/drive/MyDrive/Parser 개발 업무/KT/PDF_parser/수능 기출 문제/2024/ocr/0720-2024-제2외국어-스페인어-문제/ocr/0720-2024-제2외국어-스페인어-문제_middle.json,/content/drive/MyDrive/Parser 개발 업무/KT/PDF_parser/수능 기출 문제/2024/ocr/middle/0720-2024-제2외국어-스페인어-문제_middle.json
/content/drive/MyDrive/Parser 개발 업무/KT/PDF_parser/수능 기출 문제/2024/ocr/0724-2024-과학탐구영역-생명과학2-문제/ocr/0724-2024-과학탐구영역-생명과학2-문제_middle.json,/content/drive/MyDrive/Parser 개발 업무/KT/PDF_parser/수능 기출 문제/2024/ocr/middle/0724-2024-과학탐구영역-생명과학2-문제_middle.json
/content/drive/MyDrive/Parser 개발 업무/KT/PDF_parser/수능 기출 문제/2024/ocr/0760-2024-사회탐구영역-생활과 윤리-문제/ocr/0760-2024-사회탐구영역-생활과 윤리-문제_middle.json,/content/drive/MyDrive/Parser 개발 업무/KT/PDF_parser/수능 기출 문제/2024/ocr/middle/0760-2024-사회탐구영역-생활과 윤리-문제_middle.json
/content/drive/MyDrive/Parser 개발 업무/KT/PDF_parser/수능 기출 문제/2024/ocr/0783-2024-수학영역-수학영역-문제/ocr/0783-2024-수학영역-수학영역-문제_middle.json,/content/drive/MyDrive/Parser 개발 업무/KT/PDF_parser/수능 기출 문제/2024/ocr/middle/0783-2024-수학영역-수학영역-문제_middle.json
/content/drive/MyDrive/Parser 개발 업무/KT/PDF_parser/수능 기출 문제/2024/ocr/0961-2024-사회탐구영역-세계사-문제/ocr/0961-2024-사회탐구영역-세계사-문제_middle.json,/content/drive/MyDrive/Parser 개발 업무/KT/PDF_parser/수능 기출 문제/2024/ocr/middle/0961-2024-사회탐구영역-세계사-문제_middle.json
/content/drive/MyDrive/Parser 개발 업무/KT/PDF_parser/수능 기출 문제/2024/ocr/1009-2024-제2외국어-아랍어-문제/ocr/1009-2024-제2외국어-아랍어-문제_middle.json,/content/drive/MyDrive/Parser 개발 업무/KT/PDF_parser/수능 기출 문제/2024/ocr/middle/1009-2024-제2외국어-아랍어-문제_middle.json
/content/drive/MyDrive/Parser 개발 업무/KT/PDF_parser/수능 기출 문제/2024/ocr/1177-2024-제2외국어-일본어-문제/ocr/1177-2024-제2외국어-일본어-문제_middle.json,/content/drive/MyDrive/Parser 개발 업무/KT/PDF_parser/수능 기출 문제/2024/ocr/middle/1177-2024-제2외국어-일본어-문제_middle.json
/content/drive/MyDrive/Parser 개발 업무/KT/PDF_parser/수능 기출 문제/2024/ocr/1186-2024-과학탐구영역-지구과학1-문제/ocr/1186-2024-과학탐구영역-지구과학1-문제_middle.json,/content/drive/MyDrive/Parser 개발 업무/KT/PDF_parser/수능 기출 문제/2024/ocr/middle/1186-2024-과학탐구영역-지구과학1-문제_middle.json
/content/drive/MyDrive/Parser 개발 업무/KT/PDF_parser/수능 기출 문제/2024/ocr/1203-2024-사회탐구영역-세계지리-문제/ocr/1203-2024-사회탐구영역-세계지리-문제_middle.json,/content/drive/MyDrive/Parser 개발 업무/KT/PDF_parser/수능 기출 문제/2024/ocr/middle/1203-2024-사회탐구영역-세계지리-문제_middle.json
/content/drive/MyDrive/Parser 개발 업무/KT/PDF_parser/수능 기출 문제/2024/ocr/1241-2024-영어영역-영어-문제/ocr/1241-2024-영어영역-영어-문제_middle.json,/content/drive/MyDrive/Parser 개발 업무/KT/PDF_parser/수능 기출 문제/2024/ocr/middle/1241-2024-영어영역-영어-문제_middle.json
/content/drive/MyDrive/Parser 개발 업무/KT/PDF_parser/수능 기출 문제/2024/ocr/1346-2024-직업탐구영역-인간발달-문제/ocr/1346-2024-직업탐구영역-인간발달-문제_middle.json,/content/drive/MyDrive/Parser 개발 업무/KT/PDF_parser/수능 기출 문제/2024/ocr/middle/1346-2024-직업탐구영역-인간발달-문제_middle.json
/content/drive/MyDrive/Parser 개발 업무/KT/PDF_parser/수능 기출 문제/2024/ocr/1371-2024-과학탐구영역-지구과학2-문제/ocr/1371-2024-과학탐구영역-지구과학2-문제_middle.json,/content/drive/MyDrive/Parser 개발 업무/KT/PDF_parser/수능 기출 문제/2024/ocr/middle/1371-2024-과학탐구영역-지구과학2-문제_middle.json
/content/drive/MyDrive/Parser 개발 업무/KT/PDF_parser/수능 기출 문제/2024/ocr/1382-2024-사회탐구영역-윤리와 사상-문제/ocr/1382-2024-사회탐구영역-윤리와 사상-문제_middle.json,/content/drive/MyDrive/Parser 개발 업무/KT/PDF_parser/수능 기출 문제/2024/ocr/middle/1382-2024-사회탐구영역-윤리와 사상-문제_middle.json
/content/drive/MyDrive/Parser 개발 업무/KT/PDF_parser/수능 기출 문제/2024/ocr/1444-2024-제2외국어-중국어-문제/ocr/1444-2024-제2외국어-중국어-문제_middle.json,/content/drive/MyDrive/Parser 개발 업무/KT/PDF_parser/수능 기출 문제/2024/ocr/middle/1444-2024-제2외국어-중국어-문제_middle.json
/content/drive/MyDrive/Parser 개발 업무/KT/PDF_parser/수능 기출 문제/2024/ocr/1493-2024-사회탐구영역-정치-문제/ocr/1493-2024-사회탐구영역-정치-문제_middle.json,/content/drive/MyDrive/Parser 개발 업무/KT/PDF_parser/수능 기출 문제/2024/ocr/middle/1493-2024-사회탐구영역-정치-문제_middle.json
/content/drive/MyDrive/Parser 개발 업무/KT/PDF_parser/수능 기출 문제/2024/ocr/1615-2024-한국사영역-한국사-문제/ocr/1615-2024-한국사영역-한국사-문제_middle.json,/content/drive/MyDrive/Parser 개발 업무/KT/PDF_parser/수능 기출 문제/2024/ocr/middle/1615-2024-한국사영역-한국사-문제_middle.json
/content/drive/MyDrive/Parser 개발 업무/KT/PDF_parser/수능 기출 문제/2024/ocr/1636-2024-제2외국어-프랑스어-문제/ocr/1636-2024-제2외국어-프랑스어-문제_middle.json,/content/drive/MyDrive/Parser 개발 업무/KT/PDF_parser/수능 기출 문제/2024/ocr/middle/1636-2024-제2외국어-프랑스어-문제_middle.json
/content/drive/MyDrive/Parser 개발 업무/KT/PDF_parser/수능 기출 문제/2024/ocr/1650-2024-과학탐구영역-화학1-문제/ocr/1650-2024-과학탐구영역-화학1-문제_middle.json,/content/drive/MyDrive/Parser 개발 업무/KT/PDF_parser/수능 기출 문제/2024/ocr/middle/1650-2024-과학탐구영역-화학1-문제_middle.json
/content/drive/MyDrive/Parser 개발 업무/KT/PDF_parser/수능 기출 문제/2024/ocr/1772-2024-사회탐구영역-한국지리-문제/ocr/1772-2024-사회탐구영역-한국지리-문제_middle.json,/content/drive/MyDrive/Parser 개발 업무/KT/PDF_parser/수능 기출 문제/2024/ocr/middle/1772-2024-사회탐구영역-한국지리-문제_middle.json
/content/drive/MyDrive/Parser 개발 업무/KT/PDF_parser/수능 기출 문제/2024/ocr/1848-2024-제2외국어-한문-문제/ocr/1848-2024-제2외국어-한문-문제_middle.json,/content/drive/MyDrive/Parser 개발 업무/KT/PDF_parser/수능 기출 문제/2024/ocr/middle/1848-2024-제2외국어-한문-문제_middle.json
/content/drive/MyDrive/Parser 개발 업무/KT/PDF_parser/수능 기출 문제/2024/ocr/1865-2024-과학탐구영역-화학2-문제/ocr/1865-2024-과학탐구영역-화학2-문제_middle.json,/content/drive/MyDrive/Parser 개발 업무/KT/PDF_parser/수능 기출 문제/2024/ocr/middle/1865-2024-과학탐구영역-화학2-문제_middle.json
