{
  "data_id": "0575",
  "기출연도": "2025",
  "시험명": "대학수학능력시험",
  "영역": "직업탐구",
  "과목": "성공적인직업생활",
  "시험유형": null,
  "세부과목": "성공적인직업생활",
  "문제번호_정답": {
    "1": {
      "정답": 3,
      "난이도": null,
      "배점": 2,
      "정답률": null,
      "문제유형": "객관식"
    },
    "2": {
      "정답": 4,
      "난이도": null,
      "배점": 2,
      "정답률": null,
      "문제유형": "객관식"
    },
    "3": {
      "정답": 4,
      "난이도": null,
      "배점": 2,
      "정답률": null,
      "문제유형": "객관식"
    },
    "4": {
      "정답": 4,
      "난이도": null,
      "배점": 3,
      "정답률": null,
      "문제유형": "객관식"
    },
    "5": {
      "정답": 2,
      "난이도": null,
      "배점": 3,
      "정답률": null,
      "문제유형": "객관식"
    },
    "6": {
      "정답": 5,
      "난이도": null,
      "배점": 2,
      "정답률": null,
      "문제유형": "객관식"
    },
    "7": {
      "정답": 2,
      "난이도": null,
      "배점": 2,
      "정답률": null,
      "문제유형": "객관식"
    },
    "8": {
      "정답": 1,
      "난이도": null,
      "배점": 2,
      "정답률": null,
      "문제유형": "객관식"
    },
    "9": {
      "정답": 5,
      "난이도": null,
      "배점": 3,
      "정답률": null,
      "문제유형": "객관식"
    },
    "10": {
      "정답": 5,
      "난이도": null,
      "배점": 3,
      "정답률": null,
      "문제유형": "객관식"
    },
    "11": {
      "정답": 3,
      "난이도": null,
      "배점": 3,
      "정답률": null,
      "문제유형": "객관식"
    },
    "12": {
      "정답": 3,
      "난이도": null,
      "배점": 3,
      "정답률": null,
      "문제유형": "객관식"
    },
    "13": {
      "정답": 1,
      "난이도": null,
      "배점": 2,
      "정답률": null,
      "문제유형": "객관식"
    },
    "14": {
      "정답": 2,
      "난이도": null,
      "배점": 3,
      "정답률": null,
      "문제유형": "객관식"
    },
    "15": {
      "정답": 3,
      "난이도": null,
      "배점": 2,
      "정답률": null,
      "문제유형": "객관식"
    },
    "16": {
      "정답": 5,
      "난이도": null,
      "배점": 2,
      "정답률": null,
      "문제유형": "객관식"
    },
    "17": {
      "정답": 3,
      "난이도": null,
      "배점": 3,
      "정답률": null,
      "문제유형": "객관식"
    },
    "18": {
      "정답": 4,
      "난이도": null,
      "배점": 3,
      "정답률": null,
      "문제유형": "객관식"
    },
    "19": {
      "정답": 2,
      "난이도": null,
      "배점": 2,
      "정답률": null,
      "문제유형": "객관식"
    },
    "20": {
      "정답": 5,
      "난이도": null,
      "배점": 3,
      "정답률": null,
      "문제유형": "객관식"
    }
  },
  "source_url": "https://www.suneung.re.kr/boardCnts/list.do"
}